{"cameraMode":{"drawMode":0,"name":"Shaded","section":"Shading Mode"},"sceneLighting":true,"audioPlay":false,"sceneViewState":{"showFog":true,"showMaterialUpdate":false,"showSkybox":true,"showFlares":true,"showImageEffects":true,"showParticleSystems":true},"in2DMode":false,"pivot":{"x":0.09796908497810364,"y":1.4412031173706055,"z":-0.8144935965538025},"rotation":{"x":-0.05851460620760918,"y":0.9348986148834229,"z":-0.1834956705570221,"w":-0.2981327176094055},"size":7.801244735717773,"orthographic":false}